--
-- PostgreSQL database dump
--

-- Dumped from database version 17.2
-- Dumped by pg_dump version 17.2

-- Started on 2025-06-02 11:27:29

SET statement_timeout = 0;
SET lock_timeout = 0;
SET idle_in_transaction_session_timeout = 0;
SET transaction_timeout = 0;
SET client_encoding = 'UTF8';
SET standard_conforming_strings = on;
SELECT pg_catalog.set_config('search_path', '', false);
SET check_function_bodies = false;
SET xmloption = content;
SET client_min_messages = warning;
SET row_security = off;

SET default_tablespace = '';

SET default_table_access_method = heap;

--
-- TOC entry 220 (class 1259 OID 33225)
-- Name: account; Type: TABLE; Schema: public; Owner: postgres
--

CREATE TABLE public.account (
    id integer NOT NULL,
    address text,
    birth_date date,
    email character varying(100) NOT NULL,
    full_name character varying(100) NOT NULL,
    gender character varying(255) NOT NULL,
    password character varying(255) NOT NULL,
    phone_number character varying(15),
    username character varying(50) NOT NULL,
    role_id integer NOT NULL
);


ALTER TABLE public.account OWNER TO postgres;

--
-- TOC entry 219 (class 1259 OID 33224)
-- Name: account_id_seq; Type: SEQUENCE; Schema: public; Owner: postgres
--

ALTER TABLE public.account ALTER COLUMN id ADD GENERATED BY DEFAULT AS IDENTITY (
    SEQUENCE NAME public.account_id_seq
    START WITH 1
    INCREMENT BY 1
    NO MINVALUE
    NO MAXVALUE
    CACHE 1
);


--
-- TOC entry 237 (class 1259 OID 33335)
-- Name: assignment; Type: TABLE; Schema: public; Owner: postgres
--

CREATE TABLE public.assignment (
    id integer NOT NULL,
    academic_year character varying(9) NOT NULL,
    role character varying(255) NOT NULL,
    semester integer,
    class_id integer,
    subject_id integer,
    teacher_id character varying(10) NOT NULL
);


ALTER TABLE public.assignment OWNER TO postgres;

--
-- TOC entry 236 (class 1259 OID 33334)
-- Name: assignment_id_seq; Type: SEQUENCE; Schema: public; Owner: postgres
--

ALTER TABLE public.assignment ALTER COLUMN id ADD GENERATED BY DEFAULT AS IDENTITY (
    SEQUENCE NAME public.assignment_id_seq
    START WITH 1
    INCREMENT BY 1
    NO MINVALUE
    NO MAXVALUE
    CACHE 1
);


--
-- TOC entry 239 (class 1259 OID 33356)
-- Name: behavior; Type: TABLE; Schema: public; Owner: postgres
--

CREATE TABLE public.behavior (
    id integer NOT NULL,
    academic_year character varying(9) NOT NULL,
    behavior_score integer,
    semester integer NOT NULL,
    status character varying(50),
    student_id character varying(10) NOT NULL
);


ALTER TABLE public.behavior OWNER TO postgres;

--
-- TOC entry 238 (class 1259 OID 33355)
-- Name: behavior_id_seq; Type: SEQUENCE; Schema: public; Owner: postgres
--

ALTER TABLE public.behavior ALTER COLUMN id ADD GENERATED BY DEFAULT AS IDENTITY (
    SEQUENCE NAME public.behavior_id_seq
    START WITH 1
    INCREMENT BY 1
    NO MINVALUE
    NO MAXVALUE
    CACHE 1
);


--
-- TOC entry 221 (class 1259 OID 33237)
-- Name: board_of_directors; Type: TABLE; Schema: public; Owner: postgres
--

CREATE TABLE public.board_of_directors (
    id character varying(10) NOT NULL,
    "position" character varying(255),
    account_id integer NOT NULL
);


ALTER TABLE public.board_of_directors OWNER TO postgres;

--
-- TOC entry 222 (class 1259 OID 33247)
-- Name: cashier; Type: TABLE; Schema: public; Owner: postgres
--

CREATE TABLE public.cashier (
    id character varying(10) NOT NULL,
    status character varying(255) NOT NULL,
    account_id integer NOT NULL
);


ALTER TABLE public.cashier OWNER TO postgres;

--
-- TOC entry 227 (class 1259 OID 33290)
-- Name: class; Type: TABLE; Schema: public; Owner: postgres
--

CREATE TABLE public.class (
    id integer NOT NULL,
    class_name character varying(255) NOT NULL
);


ALTER TABLE public.class OWNER TO postgres;

--
-- TOC entry 226 (class 1259 OID 33289)
-- Name: class_id_seq; Type: SEQUENCE; Schema: public; Owner: postgres
--

ALTER TABLE public.class ALTER COLUMN id ADD GENERATED BY DEFAULT AS IDENTITY (
    SEQUENCE NAME public.class_id_seq
    START WITH 1
    INCREMENT BY 1
    NO MINVALUE
    NO MAXVALUE
    CACHE 1
);


--
-- TOC entry 231 (class 1259 OID 33302)
-- Name: invoice; Type: TABLE; Schema: public; Owner: postgres
--

CREATE TABLE public.invoice (
    id integer NOT NULL,
    academic_year character varying(9),
    outstanding_amount real,
    paid_amount real,
    status character varying(20),
    total_fee real,
    student_id character varying(10)
);


ALTER TABLE public.invoice OWNER TO postgres;

--
-- TOC entry 230 (class 1259 OID 33301)
-- Name: invoice_id_seq; Type: SEQUENCE; Schema: public; Owner: postgres
--

ALTER TABLE public.invoice ALTER COLUMN id ADD GENERATED BY DEFAULT AS IDENTITY (
    SEQUENCE NAME public.invoice_id_seq
    START WITH 1
    INCREMENT BY 1
    NO MINVALUE
    NO MAXVALUE
    CACHE 1
);


--
-- TOC entry 235 (class 1259 OID 33329)
-- Name: parameter; Type: TABLE; Schema: public; Owner: postgres
--

CREATE TABLE public.parameter (
    id integer NOT NULL,
    parameter_name character varying(50) NOT NULL,
    value real NOT NULL
);


ALTER TABLE public.parameter OWNER TO postgres;

--
-- TOC entry 234 (class 1259 OID 33328)
-- Name: parameter_id_seq; Type: SEQUENCE; Schema: public; Owner: postgres
--

ALTER TABLE public.parameter ALTER COLUMN id ADD GENERATED BY DEFAULT AS IDENTITY (
    SEQUENCE NAME public.parameter_id_seq
    START WITH 1
    INCREMENT BY 1
    NO MINVALUE
    NO MAXVALUE
    CACHE 1
);


--
-- TOC entry 233 (class 1259 OID 33313)
-- Name: payment_receipt; Type: TABLE; Schema: public; Owner: postgres
--

CREATE TABLE public.payment_receipt (
    id integer NOT NULL,
    paid_amount real,
    payment_date date,
    cashier_id character varying(10) NOT NULL,
    invoice_id integer NOT NULL
);


ALTER TABLE public.payment_receipt OWNER TO postgres;

--
-- TOC entry 232 (class 1259 OID 33312)
-- Name: payment_receipt_id_seq; Type: SEQUENCE; Schema: public; Owner: postgres
--

ALTER TABLE public.payment_receipt ALTER COLUMN id ADD GENERATED BY DEFAULT AS IDENTITY (
    SEQUENCE NAME public.payment_receipt_id_seq
    START WITH 1
    INCREMENT BY 1
    NO MINVALUE
    NO MAXVALUE
    CACHE 1
);


--
-- TOC entry 218 (class 1259 OID 33219)
-- Name: role; Type: TABLE; Schema: public; Owner: postgres
--

CREATE TABLE public.role (
    id integer NOT NULL,
    role_name character varying(50) NOT NULL
);


ALTER TABLE public.role OWNER TO postgres;

--
-- TOC entry 217 (class 1259 OID 33218)
-- Name: role_id_seq; Type: SEQUENCE; Schema: public; Owner: postgres
--

ALTER TABLE public.role ALTER COLUMN id ADD GENERATED BY DEFAULT AS IDENTITY (
    SEQUENCE NAME public.role_id_seq
    START WITH 1
    INCREMENT BY 1
    NO MINVALUE
    NO MAXVALUE
    CACHE 1
);


--
-- TOC entry 241 (class 1259 OID 33367)
-- Name: score; Type: TABLE; Schema: public; Owner: postgres
--

CREATE TABLE public.score (
    id integer NOT NULL,
    academic_year character varying(9),
    comments text,
    final_score real,
    score_15m_1 real,
    score_15m_2 real,
    score_1h_1 real,
    score_1h_2 real,
    semester integer,
    student_id character varying(10) NOT NULL,
    subject_id integer NOT NULL,
    teacher_id character varying(10) NOT NULL
);


ALTER TABLE public.score OWNER TO postgres;

--
-- TOC entry 240 (class 1259 OID 33366)
-- Name: score_id_seq; Type: SEQUENCE; Schema: public; Owner: postgres
--

ALTER TABLE public.score ALTER COLUMN id ADD GENERATED BY DEFAULT AS IDENTITY (
    SEQUENCE NAME public.score_id_seq
    START WITH 1
    INCREMENT BY 1
    NO MINVALUE
    NO MAXVALUE
    CACHE 1
);


--
-- TOC entry 223 (class 1259 OID 33257)
-- Name: student; Type: TABLE; Schema: public; Owner: postgres
--

CREATE TABLE public.student (
    id character varying(10) NOT NULL,
    birth_place character varying(100),
    ethnicity character varying(50),
    status character varying(20),
    account_id integer NOT NULL
);


ALTER TABLE public.student OWNER TO postgres;

--
-- TOC entry 243 (class 1259 OID 33390)
-- Name: student_class; Type: TABLE; Schema: public; Owner: postgres
--

CREATE TABLE public.student_class (
    id integer NOT NULL,
    academic_year character varying(9) NOT NULL,
    class_id integer NOT NULL,
    student_id character varying(10) NOT NULL
);


ALTER TABLE public.student_class OWNER TO postgres;

--
-- TOC entry 242 (class 1259 OID 33389)
-- Name: student_class_id_seq; Type: SEQUENCE; Schema: public; Owner: postgres
--

ALTER TABLE public.student_class ALTER COLUMN id ADD GENERATED BY DEFAULT AS IDENTITY (
    SEQUENCE NAME public.student_class_id_seq
    START WITH 1
    INCREMENT BY 1
    NO MINVALUE
    NO MAXVALUE
    CACHE 1
);


--
-- TOC entry 229 (class 1259 OID 33296)
-- Name: subject; Type: TABLE; Schema: public; Owner: postgres
--

CREATE TABLE public.subject (
    id integer NOT NULL,
    subject_name character varying(255) NOT NULL
);


ALTER TABLE public.subject OWNER TO postgres;

--
-- TOC entry 228 (class 1259 OID 33295)
-- Name: subject_id_seq; Type: SEQUENCE; Schema: public; Owner: postgres
--

ALTER TABLE public.subject ALTER COLUMN id ADD GENERATED BY DEFAULT AS IDENTITY (
    SEQUENCE NAME public.subject_id_seq
    START WITH 1
    INCREMENT BY 1
    NO MINVALUE
    NO MAXVALUE
    CACHE 1
);


--
-- TOC entry 224 (class 1259 OID 33267)
-- Name: supervisor; Type: TABLE; Schema: public; Owner: postgres
--

CREATE TABLE public.supervisor (
    id character varying(10) NOT NULL,
    status character varying(255) NOT NULL,
    account_id integer NOT NULL
);


ALTER TABLE public.supervisor OWNER TO postgres;

--
-- TOC entry 225 (class 1259 OID 33277)
-- Name: teacher; Type: TABLE; Schema: public; Owner: postgres
--

CREATE TABLE public.teacher (
    id character varying(10) NOT NULL,
    "position" character varying(255),
    status character varying(255),
    account_id integer NOT NULL
);


ALTER TABLE public.teacher OWNER TO postgres;

--
-- TOC entry 245 (class 1259 OID 33406)
-- Name: title; Type: TABLE; Schema: public; Owner: postgres
--

CREATE TABLE public.title (
    id integer NOT NULL,
    min_avg_score real,
    min_behavior_score real,
    title_name character varying(100) NOT NULL
);


ALTER TABLE public.title OWNER TO postgres;

--
-- TOC entry 244 (class 1259 OID 33405)
-- Name: title_id_seq; Type: SEQUENCE; Schema: public; Owner: postgres
--

ALTER TABLE public.title ALTER COLUMN id ADD GENERATED BY DEFAULT AS IDENTITY (
    SEQUENCE NAME public.title_id_seq
    START WITH 1
    INCREMENT BY 1
    NO MINVALUE
    NO MAXVALUE
    CACHE 1
);


--
-- TOC entry 249 (class 1259 OID 33418)
-- Name: violation; Type: TABLE; Schema: public; Owner: postgres
--

CREATE TABLE public.violation (
    id integer NOT NULL,
    academic_year character varying(9),
    semester integer,
    violation_date date,
    class_id integer NOT NULL,
    student_id character varying(10) NOT NULL,
    supervisor_id character varying(10),
    violation_type_id integer
);


ALTER TABLE public.violation OWNER TO postgres;

--
-- TOC entry 248 (class 1259 OID 33417)
-- Name: violation_id_seq; Type: SEQUENCE; Schema: public; Owner: postgres
--

ALTER TABLE public.violation ALTER COLUMN id ADD GENERATED BY DEFAULT AS IDENTITY (
    SEQUENCE NAME public.violation_id_seq
    START WITH 1
    INCREMENT BY 1
    NO MINVALUE
    NO MAXVALUE
    CACHE 1
);


--
-- TOC entry 247 (class 1259 OID 33412)
-- Name: violation_type; Type: TABLE; Schema: public; Owner: postgres
--

CREATE TABLE public.violation_type (
    id integer NOT NULL,
    deducted_points real,
    violation_name character varying(255) NOT NULL
);


ALTER TABLE public.violation_type OWNER TO postgres;

--
-- TOC entry 246 (class 1259 OID 33411)
-- Name: violation_type_id_seq; Type: SEQUENCE; Schema: public; Owner: postgres
--

ALTER TABLE public.violation_type ALTER COLUMN id ADD GENERATED BY DEFAULT AS IDENTITY (
    SEQUENCE NAME public.violation_type_id_seq
    START WITH 1
    INCREMENT BY 1
    NO MINVALUE
    NO MAXVALUE
    CACHE 1
);


--
-- TOC entry 4996 (class 0 OID 33225)
-- Dependencies: 220
-- Data for Name: account; Type: TABLE DATA; Schema: public; Owner: postgres
--

COPY public.account (id, address, birth_date, email, full_name, gender, password, phone_number, username, role_id) FROM stdin;
1	Hà Nội	2008-05-15	student1@example.com	Nguyen Van A	Nam	password123	0123456789	student1	1
2	Hà Nội	2008-06-20	student2@example.com	Tran Thi D	Nữ	password123	0123456790	student2	1
3	Hà Nội	2008-07-15	student3@example.com	Le Van E	Nam	password123	0123456791	student3	1
4	Hà Nội	2008-08-10	student4@example.com	Pham Thi F	Nữ	password123	0123456792	student4	1
5	Hà Nội	2008-09-05	student5@example.com	Nguyen Van G	Nam	password123	0123456793	student5	1
6	Hà Nội	2008-10-01	student6@example.com	Nguyen Thi H	Nữ	password123	0123456794	student6	1
7	Hà Nội	2008-11-01	student7@example.com	Le Van I	Nam	password123	0123456795	student7	1
8	Hà Nội	1980-03-20	teacher1@example.com	Tran Thi B	Nữ	password123	0987654321	teacher1	2
9	Hà Nội	1978-04-15	teacher2@example.com	Pham Van K	Nam	password123	0987654322	teacher2	2
10	Hà Nội	1975-07-10	cashier1@example.com	Le Van C	Nam	password123	0912345678	cashier1	3
11	Hà Nội	1982-09-12	cashier2@example.com	Hoang Thi M	Nữ	password123	0912345679	cashier2	3
\.


--
-- TOC entry 5013 (class 0 OID 33335)
-- Dependencies: 237
-- Data for Name: assignment; Type: TABLE DATA; Schema: public; Owner: postgres
--

COPY public.assignment (id, academic_year, role, semester, class_id, subject_id, teacher_id) FROM stdin;
1	2024-2025	Subject_Teacher	1	1	1	GV001
2	2024-2025	Subject_Teacher	1	1	2	GV001
3	2024-2025	Subject_Teacher	1	1	3	GV001
4	2024-2025	Subject_Teacher	2	1	1	GV001
5	2024-2025	Subject_Teacher	2	1	2	GV001
6	2024-2025	Subject_Teacher	2	1	3	GV001
7	2024-2025	Subject_Teacher	1	2	1	GV002
8	2024-2025	Subject_Teacher	1	2	2	GV002
9	2024-2025	Subject_Teacher	1	2	3	GV002
10	2024-2025	Subject_Teacher	2	2	1	GV002
11	2024-2025	Subject_Teacher	2	2	2	GV002
12	2024-2025	Subject_Teacher	2	2	3	GV002
13	2024-2025	Subject_Teacher	1	3	4	GV001
14	2024-2025	Subject_Teacher	1	3	5	GV002
15	2024-2025	Subject_Teacher	2	3	4	GV001
16	2024-2025	Subject_Teacher	2	3	5	GV002
17	2023-2024	Subject_Teacher	1	1	1	GV001
18	2023-2024	Subject_Teacher	1	1	2	GV001
19	2023-2024	Subject_Teacher	1	1	3	GV001
20	2023-2024	Subject_Teacher	2	1	1	GV001
21	2023-2024	Subject_Teacher	2	1	2	GV001
22	2023-2024	Subject_Teacher	2	1	3	GV001
23	2023-2024	Subject_Teacher	1	2	1	GV002
24	2023-2024	Subject_Teacher	1	2	2	GV002
25	2023-2024	Subject_Teacher	1	2	3	GV002
26	2023-2024	Subject_Teacher	2	2	1	GV002
27	2023-2024	Subject_Teacher	2	2	2	GV002
28	2023-2024	Subject_Teacher	2	2	3	GV002
29	2023-2024	Subject_Teacher	1	3	4	GV001
30	2023-2024	Subject_Teacher	1	3	5	GV002
31	2023-2024	Subject_Teacher	2	3	4	GV001
32	2023-2024	Subject_Teacher	2	3	5	GV002
\.


--
-- TOC entry 5015 (class 0 OID 33356)
-- Dependencies: 239
-- Data for Name: behavior; Type: TABLE DATA; Schema: public; Owner: postgres
--

COPY public.behavior (id, academic_year, behavior_score, semester, status, student_id) FROM stdin;
1	2024-2025	95	1	Good	HS001
2	2024-2025	90	2	Good	HS001
3	2024-2025	85	1	Good	HS002
4	2024-2025	88	2	Good	HS002
5	2024-2025	75	1	Fair	HS003
6	2024-2025	78	2	Fair	HS003
7	2024-2025	65	1	Poor	HS004
8	2024-2025	70	2	Poor	HS004
9	2024-2025	95	1	Good	HS005
10	2024-2025	97	2	Good	HS005
11	2024-2025	80	1	Fair	HS006
12	2024-2025	82	2	Fair	HS006
13	2024-2025	90	1	Good	HS007
14	2024-2025	92	2	Good	HS007
15	2023-2024	93	1	Good	HS001
16	2023-2024	91	2	Good	HS001
17	2023-2024	87	1	Good	HS002
18	2023-2024	89	2	Good	HS002
19	2023-2024	77	1	Fair	HS003
20	2023-2024	79	2	Fair	HS003
21	2023-2024	67	1	Poor	HS004
22	2023-2024	69	2	Poor	HS004
23	2023-2024	94	1	Good	HS005
24	2023-2024	96	2	Good	HS005
25	2023-2024	81	1	Fair	HS006
26	2023-2024	83	2	Fair	HS006
27	2023-2024	91	1	Good	HS007
28	2023-2024	93	2	Good	HS007
\.


--
-- TOC entry 4997 (class 0 OID 33237)
-- Dependencies: 221
-- Data for Name: board_of_directors; Type: TABLE DATA; Schema: public; Owner: postgres
--

COPY public.board_of_directors (id, "position", account_id) FROM stdin;
\.


--
-- TOC entry 4998 (class 0 OID 33247)
-- Dependencies: 222
-- Data for Name: cashier; Type: TABLE DATA; Schema: public; Owner: postgres
--

COPY public.cashier (id, status, account_id) FROM stdin;
CS001	Working	10
CS002	Working	11
\.


--
-- TOC entry 5003 (class 0 OID 33290)
-- Dependencies: 227
-- Data for Name: class; Type: TABLE DATA; Schema: public; Owner: postgres
--

COPY public.class (id, class_name) FROM stdin;
1	10A1
2	10A2
3	10A3
\.


--
-- TOC entry 5007 (class 0 OID 33302)
-- Dependencies: 231
-- Data for Name: invoice; Type: TABLE DATA; Schema: public; Owner: postgres
--

COPY public.invoice (id, academic_year, outstanding_amount, paid_amount, status, total_fee, student_id) FROM stdin;
1	2024-2025	0	1200	Đã thanh toán	1200	HS001
2	2024-2025	0	2000	Đã thanh toán	2000	HS002
4	2024-2025	2300	200	Thanh toán 1 phần	2500	HS004
5	2024-2025	1100	100	Thanh toán 1 phần	1200	HS005
6	2023-2024	0	1000	Đã thanh toán	1000	HS001
7	2023-2024	0	1500	Đã thanh toán	1500	HS002
9	2023-2024	1800	200	Thanh toán 1 phần	2000	HS004
10	2023-2024	1200	0	Chưa thanh toán	1200	HS005
11	2024-2025	1500	0	Chưa thanh toán	1500	HS002
12	2024-2025	1000	500	Thanh toán 1 phần	1500	HS003
13	2024-2025	0	1500	Đã thanh toán	1500	HS006
14	2024-2025	2000	0	Chưa thanh toán	2000	HS007
15	2023-2024	0	1200	Đã thanh toán	1200	HS006
16	2023-2024	0	1800	Đã thanh toán	1800	HS007
3	2024-2025	200	2800	Thanh toán 1 phần	3000	HS003
8	2023-2024	2000	0	Chưa thanh toán	2000	HS003
\.


--
-- TOC entry 5011 (class 0 OID 33329)
-- Dependencies: 235
-- Data for Name: parameter; Type: TABLE DATA; Schema: public; Owner: postgres
--

COPY public.parameter (id, parameter_name, value) FROM stdin;
\.


--
-- TOC entry 5009 (class 0 OID 33313)
-- Dependencies: 233
-- Data for Name: payment_receipt; Type: TABLE DATA; Schema: public; Owner: postgres
--

COPY public.payment_receipt (id, paid_amount, payment_date, cashier_id, invoice_id) FROM stdin;
1	500	2025-05-01	CS001	2
2	600	2025-05-19	CS001	1
3	1500	2025-05-19	CS002	2
6	600	2025-05-19	CS001	1
7	200	2025-05-19	CS002	4
8	500	2025-05-20	CS002	12
9	1500	2025-05-20	CS001	13
10	1200	2025-05-21	CS002	15
11	1800	2025-05-21	CS001	16
12	100	2025-05-22	CS001	5
\.


--
-- TOC entry 4994 (class 0 OID 33219)
-- Dependencies: 218
-- Data for Name: role; Type: TABLE DATA; Schema: public; Owner: postgres
--

COPY public.role (id, role_name) FROM stdin;
1	Student
2	Teacher
3	Cashier
4	Director
5	Supervisor
\.


--
-- TOC entry 5017 (class 0 OID 33367)
-- Dependencies: 241
-- Data for Name: score; Type: TABLE DATA; Schema: public; Owner: postgres
--

COPY public.score (id, academic_year, comments, final_score, score_15m_1, score_15m_2, score_1h_1, score_1h_2, semester, student_id, subject_id, teacher_id) FROM stdin;
1	2024-2025	Tốt	8	8	7.5	8.5	9	1	HS001	1	GV001
2	2024-2025	Khá	7.5	7	7	8	8	1	HS001	2	GV001
3	2024-2025	Xuất sắc	8.5	9	8.5	9	9.5	1	HS001	3	GV001
4	2024-2025	Tốt	8.5	8.5	8	9	9	2	HS001	1	GV001
5	2024-2025	Khá	8	7.5	7.5	8.5	8.5	2	HS001	2	GV001
6	2024-2025	Xuất sắc	9	9.5	9	9.5	9	2	HS001	3	GV001
7	2024-2025	Khá	7.5	7	7.5	7	8	1	HS002	1	GV001
8	2024-2025	Khá	7	7	7	7.5	7.5	1	HS002	2	GV001
9	2024-2025	Tốt	7.5	8	8	7.5	8	1	HS002	3	GV001
10	2024-2025	Tốt	7.5	7.5	8	8	8	2	HS002	1	GV001
11	2024-2025	Khá	7.5	7.5	7.5	7.5	8	2	HS002	2	GV001
12	2024-2025	Tốt	8	8.5	8	8	8.5	2	HS002	3	GV001
13	2024-2025	Trung bình	6	6	6	6.5	6	1	HS003	1	GV002
14	2024-2025	Trung bình	6	5.5	6	6	6.5	1	HS003	2	GV002
15	2024-2025	Trung bình	6.5	6	6.5	6	6	1	HS003	3	GV002
16	2024-2025	Trung bình	6	6.5	6	6.5	6.5	2	HS003	1	GV002
17	2024-2025	Trung bình	6.5	6	6.5	6	6	2	HS003	2	GV002
18	2024-2025	Trung bình	6.5	6.5	6.5	6.5	6	2	HS003	3	GV002
19	2024-2025	Yếu	4	4	4.5	4.5	5	1	HS004	1	GV002
20	2024-2025	Yếu	4.5	4.5	4	4	4.5	1	HS004	2	GV002
21	2024-2025	Yếu	4.5	5	4.5	4.5	4	1	HS004	3	GV002
22	2024-2025	Yếu	4.5	4.5	5	4.5	5	2	HS004	1	GV002
23	2024-2025	Yếu	4.5	4	4.5	5	4.5	2	HS004	2	GV002
24	2024-2025	Yếu	5	5	4.5	5	4.5	2	HS004	3	GV002
25	2024-2025	Tốt	8.5	8.5	8	9	9	1	HS005	1	GV002
26	2024-2025	Tốt	8.5	8	8.5	8.5	8	1	HS005	2	GV002
27	2024-2025	Xuất sắc	9	9	8.5	9	9	1	HS005	3	GV002
28	2024-2025	Xuất sắc	9	9	8.5	9	9	2	HS005	1	GV002
29	2024-2025	Tốt	8.5	8.5	8	8.5	8.5	2	HS005	2	GV002
30	2024-2025	Xuất sắc	9	9	9	9.5	9	2	HS005	3	GV002
31	2024-2025	Khá	7	7	7.5	7	7.5	1	HS006	4	GV001
32	2024-2025	Tốt	8	8	8	8.5	8	1	HS006	5	GV002
33	2024-2025	Khá	7.5	7.5	7	7.5	8	2	HS006	4	GV001
34	2024-2025	Tốt	8.5	8.5	8	8.5	9	2	HS006	5	GV002
35	2024-2025	Tốt	8	8	7.5	8	8.5	1	HS007	4	GV001
36	2024-2025	Khá	7.5	7	7.5	7.5	8	1	HS007	5	GV002
37	2024-2025	Tốt	8.5	8.5	8	9	8.5	2	HS007	4	GV001
38	2024-2025	Khá	7.5	7.5	7	8	7.5	2	HS007	5	GV002
39	2023-2024	Tốt	8.2	8	8	8.5	8.5	1	HS001	1	GV001
40	2023-2024	Khá	7.6	7.5	7	8	7.5	1	HS001	2	GV001
41	2023-2024	Xuất sắc	8.7	9	8.5	9	9	1	HS001	3	GV001
42	2023-2024	Tốt	8.3	8.5	8	8.5	8.5	2	HS001	1	GV001
43	2023-2024	Khá	7.8	7.5	7.5	8	8	2	HS001	2	GV001
44	2023-2024	Xuất sắc	9.1	9	9	9.5	9	2	HS001	3	GV001
45	2023-2024	Khá	7.4	7	7.5	7	8	1	HS002	1	GV001
46	2023-2024	Khá	7.2	7	7	7.5	7.5	1	HS002	2	GV001
47	2023-2024	Tốt	7.6	8	7.5	7.5	8	1	HS002	3	GV001
48	2023-2024	Tốt	7.7	7.5	8	8	7.5	2	HS002	1	GV001
49	2023-2024	Khá	7.4	7.5	7	7.5	7.5	2	HS002	2	GV001
50	2023-2024	Tốt	8.1	8	8	8.5	8	2	HS002	3	GV001
51	2023-2024	Trung bình	6.1	6	6	6.5	6	1	HS003	1	GV002
52	2023-2024	Trung bình	6.2	6	6	6.5	6	1	HS003	2	GV002
53	2023-2024	Trung bình	6.3	6.5	6	6	6.5	1	HS003	3	GV002
54	2023-2024	Trung bình	6.4	6	6.5	6.5	6	2	HS003	1	GV002
55	2023-2024	Trung bình	6.1	6	6	6.5	6	2	HS003	2	GV002
56	2023-2024	Trung bình	6.6	6.5	6.5	6.5	6.5	2	HS003	3	GV002
57	2023-2024	Yếu	4.2	4	4.5	4.5	4	1	HS004	1	GV002
58	2023-2024	Yếu	4.3	4.5	4	4	4.5	1	HS004	2	GV002
59	2023-2024	Yếu	4.4	4.5	4.5	4	4.5	1	HS004	3	GV002
60	2023-2024	Yếu	4.6	4.5	5	4.5	4.5	2	HS004	1	GV002
61	2023-2024	Yếu	4.4	4	4.5	4.5	4.5	2	HS004	2	GV002
62	2023-2024	Yếu	4.7	5	4.5	5	4.5	2	HS004	3	GV002
63	2023-2024	Tốt	8.4	8.5	8	8.5	9	1	HS005	1	GV002
64	2023-2024	Tốt	8.3	8	8.5	8.5	8	1	HS005	2	GV002
65	2023-2024	Xuất sắc	8.9	9	8.5	9	9	1	HS005	3	GV002
66	2023-2024	Xuất sắc	9.1	9	9	9	9	2	HS005	1	GV002
67	2023-2024	Tốt	8.4	8.5	8	8.5	8.5	2	HS005	2	GV002
68	2023-2024	Xuất sắc	9.2	9	9	9.5	9	2	HS005	3	GV002
69	2023-2024	Khá	7.2	7	7	7.5	7.5	1	HS006	4	GV001
70	2023-2024	Tốt	8.1	8	8	8.5	8	1	HS006	5	GV002
71	2023-2024	Khá	7.4	7.5	7	7.5	7.5	2	HS006	4	GV001
72	2023-2024	Tốt	8.3	8.5	8	8.5	8.5	2	HS006	5	GV002
73	2023-2024	Tốt	8.2	8	7.5	8	8.5	1	HS007	4	GV001
74	2023-2024	Khá	7.3	7	7.5	7.5	7	1	HS007	5	GV002
75	2023-2024	Tốt	8.4	8.5	8	8.5	8.5	2	HS007	4	GV001
76	2023-2024	Khá	7.6	7.5	7	8	7.5	2	HS007	5	GV002
\.


--
-- TOC entry 4999 (class 0 OID 33257)
-- Dependencies: 223
-- Data for Name: student; Type: TABLE DATA; Schema: public; Owner: postgres
--

COPY public.student (id, birth_place, ethnicity, status, account_id) FROM stdin;
HS001	Hà Nội	Kinh	ACTIVE	1
HS002	Hà Nội	Kinh	ACTIVE	2
HS003	Hà Nội	Kinh	ACTIVE	3
HS004	Hà Nội	Kinh	ACTIVE	4
HS005	Hà Nội	Kinh	ACTIVE	5
HS006	Hà Nội	Kinh	ACTIVE	6
HS007	Hà Nội	Kinh	ACTIVE	7
\.


--
-- TOC entry 5019 (class 0 OID 33390)
-- Dependencies: 243
-- Data for Name: student_class; Type: TABLE DATA; Schema: public; Owner: postgres
--

COPY public.student_class (id, academic_year, class_id, student_id) FROM stdin;
1	2024-2025	1	HS001
2	2024-2025	1	HS002
3	2024-2025	2	HS003
4	2024-2025	2	HS004
5	2024-2025	2	HS005
6	2024-2025	3	HS006
7	2024-2025	3	HS007
8	2023-2024	1	HS001
9	2023-2024	1	HS002
10	2023-2024	2	HS003
11	2023-2024	2	HS004
12	2023-2024	2	HS005
13	2023-2024	3	HS006
14	2023-2024	3	HS007
\.


--
-- TOC entry 5005 (class 0 OID 33296)
-- Dependencies: 229
-- Data for Name: subject; Type: TABLE DATA; Schema: public; Owner: postgres
--

COPY public.subject (id, subject_name) FROM stdin;
1	Toán
2	Văn
3	Anh
4	Lý
5	Hóa
\.


--
-- TOC entry 5000 (class 0 OID 33267)
-- Dependencies: 224
-- Data for Name: supervisor; Type: TABLE DATA; Schema: public; Owner: postgres
--

COPY public.supervisor (id, status, account_id) FROM stdin;
\.


--
-- TOC entry 5001 (class 0 OID 33277)
-- Dependencies: 225
-- Data for Name: teacher; Type: TABLE DATA; Schema: public; Owner: postgres
--

COPY public.teacher (id, "position", status, account_id) FROM stdin;
GV001	Giáo viên	Đang giảng dạy	8
GV002	Giáo viên	Đang giảng dạy	9
\.


--
-- TOC entry 5021 (class 0 OID 33406)
-- Dependencies: 245
-- Data for Name: title; Type: TABLE DATA; Schema: public; Owner: postgres
--

COPY public.title (id, min_avg_score, min_behavior_score, title_name) FROM stdin;
1	8	90	Học sinh xuất sắc
2	6.5	80	Học sinh giỏi
3	5	70	Học sinh khá
4	0	50	Học sinh trung bình
\.


--
-- TOC entry 5025 (class 0 OID 33418)
-- Dependencies: 249
-- Data for Name: violation; Type: TABLE DATA; Schema: public; Owner: postgres
--

COPY public.violation (id, academic_year, semester, violation_date, class_id, student_id, supervisor_id, violation_type_id) FROM stdin;
\.


--
-- TOC entry 5023 (class 0 OID 33412)
-- Dependencies: 247
-- Data for Name: violation_type; Type: TABLE DATA; Schema: public; Owner: postgres
--

COPY public.violation_type (id, deducted_points, violation_name) FROM stdin;
\.


--
-- TOC entry 5031 (class 0 OID 0)
-- Dependencies: 219
-- Name: account_id_seq; Type: SEQUENCE SET; Schema: public; Owner: postgres
--

SELECT pg_catalog.setval('public.account_id_seq', 1, false);


--
-- TOC entry 5032 (class 0 OID 0)
-- Dependencies: 236
-- Name: assignment_id_seq; Type: SEQUENCE SET; Schema: public; Owner: postgres
--

SELECT pg_catalog.setval('public.assignment_id_seq', 1, false);


--
-- TOC entry 5033 (class 0 OID 0)
-- Dependencies: 238
-- Name: behavior_id_seq; Type: SEQUENCE SET; Schema: public; Owner: postgres
--

SELECT pg_catalog.setval('public.behavior_id_seq', 1, false);


--
-- TOC entry 5034 (class 0 OID 0)
-- Dependencies: 226
-- Name: class_id_seq; Type: SEQUENCE SET; Schema: public; Owner: postgres
--

SELECT pg_catalog.setval('public.class_id_seq', 1, false);


--
-- TOC entry 5035 (class 0 OID 0)
-- Dependencies: 230
-- Name: invoice_id_seq; Type: SEQUENCE SET; Schema: public; Owner: postgres
--

SELECT pg_catalog.setval('public.invoice_id_seq', 1, false);


--
-- TOC entry 5036 (class 0 OID 0)
-- Dependencies: 234
-- Name: parameter_id_seq; Type: SEQUENCE SET; Schema: public; Owner: postgres
--

SELECT pg_catalog.setval('public.parameter_id_seq', 1, false);


--
-- TOC entry 5037 (class 0 OID 0)
-- Dependencies: 232
-- Name: payment_receipt_id_seq; Type: SEQUENCE SET; Schema: public; Owner: postgres
--

SELECT pg_catalog.setval('public.payment_receipt_id_seq', 15, true);


--
-- TOC entry 5038 (class 0 OID 0)
-- Dependencies: 217
-- Name: role_id_seq; Type: SEQUENCE SET; Schema: public; Owner: postgres
--

SELECT pg_catalog.setval('public.role_id_seq', 1, false);


--
-- TOC entry 5039 (class 0 OID 0)
-- Dependencies: 240
-- Name: score_id_seq; Type: SEQUENCE SET; Schema: public; Owner: postgres
--

SELECT pg_catalog.setval('public.score_id_seq', 1, false);


--
-- TOC entry 5040 (class 0 OID 0)
-- Dependencies: 242
-- Name: student_class_id_seq; Type: SEQUENCE SET; Schema: public; Owner: postgres
--

SELECT pg_catalog.setval('public.student_class_id_seq', 1, false);


--
-- TOC entry 5041 (class 0 OID 0)
-- Dependencies: 228
-- Name: subject_id_seq; Type: SEQUENCE SET; Schema: public; Owner: postgres
--

SELECT pg_catalog.setval('public.subject_id_seq', 1, false);


--
-- TOC entry 5042 (class 0 OID 0)
-- Dependencies: 244
-- Name: title_id_seq; Type: SEQUENCE SET; Schema: public; Owner: postgres
--

SELECT pg_catalog.setval('public.title_id_seq', 1, false);


--
-- TOC entry 5043 (class 0 OID 0)
-- Dependencies: 248
-- Name: violation_id_seq; Type: SEQUENCE SET; Schema: public; Owner: postgres
--

SELECT pg_catalog.setval('public.violation_id_seq', 1, false);


--
-- TOC entry 5044 (class 0 OID 0)
-- Dependencies: 246
-- Name: violation_type_id_seq; Type: SEQUENCE SET; Schema: public; Owner: postgres
--

SELECT pg_catalog.setval('public.violation_type_id_seq', 1, false);


--
-- TOC entry 4783 (class 2606 OID 33231)
-- Name: account account_pkey; Type: CONSTRAINT; Schema: public; Owner: postgres
--

ALTER TABLE ONLY public.account
    ADD CONSTRAINT account_pkey PRIMARY KEY (id);


--
-- TOC entry 4805 (class 2606 OID 33339)
-- Name: assignment assignment_pkey; Type: CONSTRAINT; Schema: public; Owner: postgres
--

ALTER TABLE ONLY public.assignment
    ADD CONSTRAINT assignment_pkey PRIMARY KEY (id);


--
-- TOC entry 4809 (class 2606 OID 33360)
-- Name: behavior behavior_pkey; Type: CONSTRAINT; Schema: public; Owner: postgres
--

ALTER TABLE ONLY public.behavior
    ADD CONSTRAINT behavior_pkey PRIMARY KEY (id);


--
-- TOC entry 4785 (class 2606 OID 33241)
-- Name: board_of_directors board_of_directors_pkey; Type: CONSTRAINT; Schema: public; Owner: postgres
--

ALTER TABLE ONLY public.board_of_directors
    ADD CONSTRAINT board_of_directors_pkey PRIMARY KEY (id);


--
-- TOC entry 4787 (class 2606 OID 33251)
-- Name: cashier cashier_pkey; Type: CONSTRAINT; Schema: public; Owner: postgres
--

ALTER TABLE ONLY public.cashier
    ADD CONSTRAINT cashier_pkey PRIMARY KEY (id);


--
-- TOC entry 4795 (class 2606 OID 33294)
-- Name: class class_pkey; Type: CONSTRAINT; Schema: public; Owner: postgres
--

ALTER TABLE ONLY public.class
    ADD CONSTRAINT class_pkey PRIMARY KEY (id);


--
-- TOC entry 4799 (class 2606 OID 33306)
-- Name: invoice invoice_pkey; Type: CONSTRAINT; Schema: public; Owner: postgres
--

ALTER TABLE ONLY public.invoice
    ADD CONSTRAINT invoice_pkey PRIMARY KEY (id);


--
-- TOC entry 4803 (class 2606 OID 33333)
-- Name: parameter parameter_pkey; Type: CONSTRAINT; Schema: public; Owner: postgres
--

ALTER TABLE ONLY public.parameter
    ADD CONSTRAINT parameter_pkey PRIMARY KEY (id);


--
-- TOC entry 4801 (class 2606 OID 33317)
-- Name: payment_receipt payment_receipt_pkey; Type: CONSTRAINT; Schema: public; Owner: postgres
--

ALTER TABLE ONLY public.payment_receipt
    ADD CONSTRAINT payment_receipt_pkey PRIMARY KEY (id);


--
-- TOC entry 4781 (class 2606 OID 33223)
-- Name: role role_pkey; Type: CONSTRAINT; Schema: public; Owner: postgres
--

ALTER TABLE ONLY public.role
    ADD CONSTRAINT role_pkey PRIMARY KEY (id);


--
-- TOC entry 4813 (class 2606 OID 33373)
-- Name: score score_pkey; Type: CONSTRAINT; Schema: public; Owner: postgres
--

ALTER TABLE ONLY public.score
    ADD CONSTRAINT score_pkey PRIMARY KEY (id);


--
-- TOC entry 4817 (class 2606 OID 33394)
-- Name: student_class student_class_pkey; Type: CONSTRAINT; Schema: public; Owner: postgres
--

ALTER TABLE ONLY public.student_class
    ADD CONSTRAINT student_class_pkey PRIMARY KEY (id);


--
-- TOC entry 4789 (class 2606 OID 33261)
-- Name: student student_pkey; Type: CONSTRAINT; Schema: public; Owner: postgres
--

ALTER TABLE ONLY public.student
    ADD CONSTRAINT student_pkey PRIMARY KEY (id);


--
-- TOC entry 4797 (class 2606 OID 33300)
-- Name: subject subject_pkey; Type: CONSTRAINT; Schema: public; Owner: postgres
--

ALTER TABLE ONLY public.subject
    ADD CONSTRAINT subject_pkey PRIMARY KEY (id);


--
-- TOC entry 4791 (class 2606 OID 33271)
-- Name: supervisor supervisor_pkey; Type: CONSTRAINT; Schema: public; Owner: postgres
--

ALTER TABLE ONLY public.supervisor
    ADD CONSTRAINT supervisor_pkey PRIMARY KEY (id);


--
-- TOC entry 4793 (class 2606 OID 33283)
-- Name: teacher teacher_pkey; Type: CONSTRAINT; Schema: public; Owner: postgres
--

ALTER TABLE ONLY public.teacher
    ADD CONSTRAINT teacher_pkey PRIMARY KEY (id);


--
-- TOC entry 4821 (class 2606 OID 33410)
-- Name: title title_pkey; Type: CONSTRAINT; Schema: public; Owner: postgres
--

ALTER TABLE ONLY public.title
    ADD CONSTRAINT title_pkey PRIMARY KEY (id);


--
-- TOC entry 4811 (class 2606 OID 33447)
-- Name: behavior ukfj4lxyk1m21io5k5hsv52hup4; Type: CONSTRAINT; Schema: public; Owner: postgres
--

ALTER TABLE ONLY public.behavior
    ADD CONSTRAINT ukfj4lxyk1m21io5k5hsv52hup4 UNIQUE (student_id, semester, academic_year);


--
-- TOC entry 4807 (class 2606 OID 33445)
-- Name: assignment ukfp8jtljc480acfpvo4ydjq056; Type: CONSTRAINT; Schema: public; Owner: postgres
--

ALTER TABLE ONLY public.assignment
    ADD CONSTRAINT ukfp8jtljc480acfpvo4ydjq056 UNIQUE (teacher_id, subject_id, class_id, semester, academic_year);


--
-- TOC entry 4819 (class 2606 OID 33451)
-- Name: student_class ukmy0031vir3my9rwkloujhl3a8; Type: CONSTRAINT; Schema: public; Owner: postgres
--

ALTER TABLE ONLY public.student_class
    ADD CONSTRAINT ukmy0031vir3my9rwkloujhl3a8 UNIQUE (student_id, class_id, academic_year);


--
-- TOC entry 4815 (class 2606 OID 33449)
-- Name: score uksmuard497drnj6lpxks3bld1u; Type: CONSTRAINT; Schema: public; Owner: postgres
--

ALTER TABLE ONLY public.score
    ADD CONSTRAINT uksmuard497drnj6lpxks3bld1u UNIQUE (student_id, subject_id, semester, academic_year);


--
-- TOC entry 4825 (class 2606 OID 33422)
-- Name: violation violation_pkey; Type: CONSTRAINT; Schema: public; Owner: postgres
--

ALTER TABLE ONLY public.violation
    ADD CONSTRAINT violation_pkey PRIMARY KEY (id);


--
-- TOC entry 4823 (class 2606 OID 33416)
-- Name: violation_type violation_type_pkey; Type: CONSTRAINT; Schema: public; Owner: postgres
--

ALTER TABLE ONLY public.violation_type
    ADD CONSTRAINT violation_type_pkey PRIMARY KEY (id);


--
-- TOC entry 4826 (class 2606 OID 33232)
-- Name: account fk_account_role; Type: FK CONSTRAINT; Schema: public; Owner: postgres
--

ALTER TABLE ONLY public.account
    ADD CONSTRAINT fk_account_role FOREIGN KEY (role_id) REFERENCES public.role(id);


--
-- TOC entry 4835 (class 2606 OID 33340)
-- Name: assignment fk_assignment_class; Type: FK CONSTRAINT; Schema: public; Owner: postgres
--

ALTER TABLE ONLY public.assignment
    ADD CONSTRAINT fk_assignment_class FOREIGN KEY (class_id) REFERENCES public.class(id);


--
-- TOC entry 4836 (class 2606 OID 33345)
-- Name: assignment fk_assignment_subject; Type: FK CONSTRAINT; Schema: public; Owner: postgres
--

ALTER TABLE ONLY public.assignment
    ADD CONSTRAINT fk_assignment_subject FOREIGN KEY (subject_id) REFERENCES public.subject(id);


--
-- TOC entry 4837 (class 2606 OID 33350)
-- Name: assignment fk_assignment_teacher; Type: FK CONSTRAINT; Schema: public; Owner: postgres
--

ALTER TABLE ONLY public.assignment
    ADD CONSTRAINT fk_assignment_teacher FOREIGN KEY (teacher_id) REFERENCES public.teacher(id);


--
-- TOC entry 4838 (class 2606 OID 33361)
-- Name: behavior fk_behavior_student; Type: FK CONSTRAINT; Schema: public; Owner: postgres
--

ALTER TABLE ONLY public.behavior
    ADD CONSTRAINT fk_behavior_student FOREIGN KEY (student_id) REFERENCES public.student(id);


--
-- TOC entry 4827 (class 2606 OID 33242)
-- Name: board_of_directors fk_board_account; Type: FK CONSTRAINT; Schema: public; Owner: postgres
--

ALTER TABLE ONLY public.board_of_directors
    ADD CONSTRAINT fk_board_account FOREIGN KEY (account_id) REFERENCES public.account(id);


--
-- TOC entry 4828 (class 2606 OID 33252)
-- Name: cashier fk_cashier_account; Type: FK CONSTRAINT; Schema: public; Owner: postgres
--

ALTER TABLE ONLY public.cashier
    ADD CONSTRAINT fk_cashier_account FOREIGN KEY (account_id) REFERENCES public.account(id);


--
-- TOC entry 4832 (class 2606 OID 33307)
-- Name: invoice fk_invoice_student; Type: FK CONSTRAINT; Schema: public; Owner: postgres
--

ALTER TABLE ONLY public.invoice
    ADD CONSTRAINT fk_invoice_student FOREIGN KEY (student_id) REFERENCES public.student(id);


--
-- TOC entry 4833 (class 2606 OID 33318)
-- Name: payment_receipt fk_payment_receipt_cashier; Type: FK CONSTRAINT; Schema: public; Owner: postgres
--

ALTER TABLE ONLY public.payment_receipt
    ADD CONSTRAINT fk_payment_receipt_cashier FOREIGN KEY (cashier_id) REFERENCES public.cashier(id);


--
-- TOC entry 4834 (class 2606 OID 33323)
-- Name: payment_receipt fk_payment_receipt_invoice; Type: FK CONSTRAINT; Schema: public; Owner: postgres
--

ALTER TABLE ONLY public.payment_receipt
    ADD CONSTRAINT fk_payment_receipt_invoice FOREIGN KEY (invoice_id) REFERENCES public.invoice(id);


--
-- TOC entry 4839 (class 2606 OID 33374)
-- Name: score fk_score_student; Type: FK CONSTRAINT; Schema: public; Owner: postgres
--

ALTER TABLE ONLY public.score
    ADD CONSTRAINT fk_score_student FOREIGN KEY (student_id) REFERENCES public.student(id);


--
-- TOC entry 4840 (class 2606 OID 33379)
-- Name: score fk_score_subject; Type: FK CONSTRAINT; Schema: public; Owner: postgres
--

ALTER TABLE ONLY public.score
    ADD CONSTRAINT fk_score_subject FOREIGN KEY (subject_id) REFERENCES public.subject(id);


--
-- TOC entry 4841 (class 2606 OID 33384)
-- Name: score fk_score_teacher; Type: FK CONSTRAINT; Schema: public; Owner: postgres
--

ALTER TABLE ONLY public.score
    ADD CONSTRAINT fk_score_teacher FOREIGN KEY (teacher_id) REFERENCES public.teacher(id);


--
-- TOC entry 4829 (class 2606 OID 33262)
-- Name: student fk_student_account; Type: FK CONSTRAINT; Schema: public; Owner: postgres
--

ALTER TABLE ONLY public.student
    ADD CONSTRAINT fk_student_account FOREIGN KEY (account_id) REFERENCES public.account(id);


--
-- TOC entry 4842 (class 2606 OID 33395)
-- Name: student_class fk_student_class_class; Type: FK CONSTRAINT; Schema: public; Owner: postgres
--

ALTER TABLE ONLY public.student_class
    ADD CONSTRAINT fk_student_class_class FOREIGN KEY (class_id) REFERENCES public.class(id);


--
-- TOC entry 4843 (class 2606 OID 33400)
-- Name: student_class fk_student_class_student; Type: FK CONSTRAINT; Schema: public; Owner: postgres
--

ALTER TABLE ONLY public.student_class
    ADD CONSTRAINT fk_student_class_student FOREIGN KEY (student_id) REFERENCES public.student(id);


--
-- TOC entry 4830 (class 2606 OID 33272)
-- Name: supervisor fk_supervisor_account; Type: FK CONSTRAINT; Schema: public; Owner: postgres
--

ALTER TABLE ONLY public.supervisor
    ADD CONSTRAINT fk_supervisor_account FOREIGN KEY (account_id) REFERENCES public.account(id);


--
-- TOC entry 4831 (class 2606 OID 33284)
-- Name: teacher fk_teacher_account; Type: FK CONSTRAINT; Schema: public; Owner: postgres
--

ALTER TABLE ONLY public.teacher
    ADD CONSTRAINT fk_teacher_account FOREIGN KEY (account_id) REFERENCES public.account(id);


--
-- TOC entry 4844 (class 2606 OID 33423)
-- Name: violation fk_violation_class; Type: FK CONSTRAINT; Schema: public; Owner: postgres
--

ALTER TABLE ONLY public.violation
    ADD CONSTRAINT fk_violation_class FOREIGN KEY (class_id) REFERENCES public.class(id);


--
-- TOC entry 4845 (class 2606 OID 33428)
-- Name: violation fk_violation_student; Type: FK CONSTRAINT; Schema: public; Owner: postgres
--

ALTER TABLE ONLY public.violation
    ADD CONSTRAINT fk_violation_student FOREIGN KEY (student_id) REFERENCES public.student(id);


--
-- TOC entry 4846 (class 2606 OID 33433)
-- Name: violation fk_violation_supervisor; Type: FK CONSTRAINT; Schema: public; Owner: postgres
--

ALTER TABLE ONLY public.violation
    ADD CONSTRAINT fk_violation_supervisor FOREIGN KEY (supervisor_id) REFERENCES public.supervisor(id);


--
-- TOC entry 4847 (class 2606 OID 33438)
-- Name: violation fk_violation_type; Type: FK CONSTRAINT; Schema: public; Owner: postgres
--

ALTER TABLE ONLY public.violation
    ADD CONSTRAINT fk_violation_type FOREIGN KEY (violation_type_id) REFERENCES public.violation_type(id);


-- Completed on 2025-06-02 11:27:30

--
-- PostgreSQL database dump complete
--

